seq	headword	coinage_cats	modern_cats	source_period
1	צֶדֶף	[16]	[1]	M
2	נַשָּׁק	[4]	[]	N
3	פַּסְקָן	[4]	[1]	M
4	צַפָּן	[4]	[]	N
5	נְפִיחָה	[4]	[1, 2]	C
6	חִשּׁוּקַאי	[10]	[]	N
7	מַדְגֵּשׁ ב	[4]	[]	N
8	פּוּגָה	[4]	[1]	B
9	מְלִילָה ב	[4]	[]	N
10	קַרְנוּן	[14]	[]	N
11	הַקְסָמָה	[4]	[]	N
12	עוֹגְבָנוּת	[10]	[]	N
13	פַּרְצוּף	[19]	[1, 2]	C
14	עִיּוּט	[4]	[]	N
15	עוּלָה	[10]	[1]	C
16	כּוֹלֵרָה	[19]	[]	N
17	גְּבִיעָה	[4]	[1]	C
18	הֶטֵּֽחַ	[4]	[1, 2]	C
19	כַּרְסָם	[4]	[]	N
20	מְסֹרָב	[21]	[]	N
21	מַעֲגָלָה	[4]	[]	N
22	תִּפְרֹֽסֶת	[4]	[]	N
23	טְפִילָה	[4]	[1, 2]	C
24	חַלְמָנוּת	[10]	[]	N
25	נִשְׁנוּשׁ	[4]	[]	N
26	קִלְטוּר	[4]	[]	N
27	מִכְבָּר	[4]	[1, 2]	B
28	מַשָּׁא	[4]	[1]	B
29	מְאַפְנֵן	[4]	[]	N
30	גְּרוּטָה	[19]	[1, 2]	C
31	פֵּרוּס	[4]	[]	N
32	דַּהֲרוּר	[4]	[]	N
33	טֶרְצֵט	[20]	[]	N
34	דְּקָרָה	[4]	[1]	M
35	הִתְפַּיְּסוּת	[4]	[]	N
36	הַפְסָדָה	[4]	[1]	M
37	שָׁעָה	[16]	[1]	C
38	קַרְצִית	[4]	[1]	C
39	פָּרָדִיגְמָה	[20]	[]	N
40	פִּרְקֹֽדֶת	[4]	[]	N
41	קַבְּלָנוּת	[10]	[1]	C
42	שִׁתּוּךְ	[4]	[1]	M
43	מַיָּן	[4]	[]	N
44	אִסְלוּק	[4]	[]	N
45	צִפָּרְנִית	[10]	[]	N
46	לִירִיקָן	[11]	[]	N
47	הִוָּקְשׁוּת	[4]	[]	N
48	אִיסָטִיס	[20]	[]	N
49	הֵעָזְרוּת	[4]	[]	N
50	בּוּלְקָלֶ׳ה	[20]	[]	N
51	בֻּלְבּוּס	[19]	[1, 2]	C
52	טַבָּקִיָּה	[11]	[]	N
53	בִּיּוֹטִין	[20]	[]	N
54	אִינְטֶרְנַצְיוֹנָלִיזַצְיָה	[20]	[]	N
55	מִשְׁגָּרָה	[4]	[]	N
56	לִיטְרָה	[19]	[1, 2]	C
57	דֶּרְבִּי	[20]	[]	N
58	הִתְאַפְּקוּת	[4]	[1]	M
59	תַּפּוּזִינָה	[14]	[]	N
60	זִכְרִיָּה	[22]	[]	N
61	פוֹקוּס	[20]	[]	N
62	מִינִיסְטְרֵל	[20]	[]	N
63	דַּקְרָן	[4]	[]	N
64	פֶּרֶט ג	[4]	[]	N
65	כְּחִישׁוּת	[10]	[1]	M
66	נוֹצָן	[4]	[]	N
67	סְחִיף	[4]	[1, 2]	M
68	גִּיּוּז	[4]	[]	N
69	שׂוֹם	[4]	[1]	B
70	הַפְסָקָה	[4]	[1, 2]	C
71	פִּידְזָ׳ק	[20]	[]	N
72	סְמוֹקִינְגּ	[20]	[]	N
73	חֲלִיקָה א	[4]	[]	N
74	פַּלְגָנִיּוֹת	[4]	[]	N
75	תְּלוּנָה	[4]	[1]	B
76	מַשְׁפִּיל	[4]	[1, 2]	B
77	בַּרְזֶל	[0]	[1]	B
78	חָלוּט ב	[4]	[1]	C
79	אֵרוּג	[4]	[1, 2]	M
80	דַּהֲבָא	[16]	[1]	C
81	וֶשֶׁט ב	[0]	[1]	C
82	גְּדִישׁוּת	[10]	[]	N
83	הַפְלָרָה	[4]	[]	N
84	שְׁקִיפָס	[0]	[1]	C
85	קִיטְשׁ	[20]	[]	N
86	לַעֲנָה	[0]	[1]	B
87	אוֹנְדּוּלַצְיָה	[20]	[]	N
88	טְפוּלוֹת	[4]	[]	N
89	הַרְחָצָה	[4]	[1]	C
90	תְּרוּעָה	[4]	[1]	B
91	סֵפֶל	[0]	[1, 2]	B
92	חֲמוֹרִיּוּת	[10]	[]	N
93	נֵירוֹלוֹג	[20]	[]	N
94	מַטְלָנִית	[4]	[1]	C
95	אֲחִיזָה	[4]	[1, 2]	C
96	מַתְפֵּר	[4]	[]	N
97	סוֹמְכָה	[4]	[]	N
98	בּוּפֵט	[20]	[]	N
99	תִּלְתּוּל א	[4]	[1]	M
100	מַחְבָּק	[4]	[1, 2]	M
101	רַטֶּטֶת	[4]	[]	N
102	לְהִיטוּת	[10]	[]	N
103	צֹאן	[0]	[1]	B
104	הֲפָסָה ג	[4]	[]	N
105	תַּעֲתֽוּעַ	[4]	[1, 2]	B
106	מַקּוֹד	[4]	[]	N
107	עַרְדָּל	[0]	[2]	C
108	נִשְׁפּוֹנִיִּים	[4]	[]	N
109	כְּלוּמִיּוּת	[10]	[]	N
110	יָגוּאָר	[20]	[]	N
111	הִתְאַכְזְרוּת	[4]	[]	N
112	גָּרָע א	[4]	[1]	C
113	טַבּוּלָה	[20]	[]	N
114	רַפָּף	[4]	[]	N
115	מַעֲשִׂיָּה	[10]	[1, 2]	M
116	שָׁלִישׁ ב	[4]	[1, 2]	C
117	תָּכְנִיָּה	[10]	[]	N
118	קְרִיפְּטָה	[20]	[]	N
119	אוֹדָה	[20]	[]	N
120	מְדַבְּרָנָא	[16]	[1]	C
121	מַהֲלֻמָּה	[4]	[1]	B
122	כַּזֶּבֶת	[4, 22]	[]	N
123	מִתְחָם	[4]	[]	N
124	בָּרוּת ב	[10]	[1]	M
125	זוּן	[16]	[1]	C
126	מַקְלְעָן	[10]	[]	N
127	תֶּרְמוֹסְקוֹפּ	[20]	[]	N
128	גְּוִיָּה	[4]	[1]	B
129	מַזְגָן ב	[21]	[]	N
130	כֶּלֶם	[4]	[]	N
131	טֹֽרֶד	[4]	[1]	C
132	לָעוֹן	[0]	[1]	C
133	בּוּטִיק	[20]	[]	N
134	לִשְׁכָּה	[0]	[1, 2]	B
135	מֵטֵאוֹרִיט	[20]	[]	N
136	הַגְרָמָה א	[4]	[1]	M
137	הִשְׁתַּמְּדוּת	[4]	[]	N
138	קִבּוּצִיּוּת	[10]	[]	N
139	פֶּחָה	[16]	[1, 2]	B
140	דַּרְכּוֹן א	[10]	[]	N
141	אַדְוָה	[16]	[]	N
142	גַּחְלִיל	[7]	[]	N
143	תַּכְתִּיב	[4]	[]	N
144	מִכְמָס	[4]	[1]	M
145	חֲשִׁישׁ	[16]	[]	N
146	הַרְבָּיָה	[4]	[1]	M
147	פַּקְפְּקָנוּת	[10]	[]	N
148	תּוֹרָה	[4]	[1]	B
149	תַּפּוּחָה	[10]	[]	N
150	שִׁיּוּךְ	[4]	[]	N
151	קִוּוּי א	[4]	[1]	C
152	כַּדּוּרוֹן	[10]	[]	N
153	טַמְבּוֹן	[20]	[]	N
154	רַפְתָנוּת	[10]	[]	N
155	קוֹלְנוֹעָן	[10]	[]	N
156	בִּמְקוֹם	[24]	[1]	M
157	מִיקְסְטוּרָה	[20]	[]	N
158	הִתָּכְפוּת	[4]	[]	N
159	בַּעֲלוּת	[10]	[]	N
160	מַרְעִין	[16]	[1]	C
161	חוֹלָה	[10]	[1]	C
162	הֶדְגֵּם	[4]	[]	N
163	הֶפְרֵעַ	[4]	[]	N
164	מִכְזָב	[4]	[]	N
165	רְטִיבוּת	[10]	[1]	M
166	יָנוּס	[20]	[]	N
167	בַּמַּאי	[10]	[]	N
168	מַיִר	[4]	[1]	M
169	הִתְיַבְּשׁוּת	[4]	[1, 2]	M
170	נְעוּרוֹת	[4]	[1]	B
171	חַפָּר	[4]	[]	N
172	הִתְדַּלְדְּלוּת ב	[4]	[1]	M
173	סַבֶּבֶת	[4]	[]	N
174	אַרְכִיבִּישׁוֹף	[20]	[]	N
175	עָתָק	[4]	[1]	B
176	מָלוֹן	[4]	[1]	B
177	צִיטָט	[20]	[]	N
178	שִׁפּוּל	[4]	[1]	C
179	מַעֲרִיךְ	[4]	[1, 2]	M
180	אִחוּר	[4]	[1]	C
181	שִׁינָה	[20]	[]	N
182	פַּרְדִּישְׁנָא	[16]	[1]	C
183	גִּיחוֹרוּת	[10]	[]	N
184	אַקְוָה	[4, 23]	[]	N
185	מִיקְרוֹקוֹסְמוֹס	[20]	[]	N
186	פּוֹלִיפוֹנְיָה	[20]	[]	N
187	קְלָסִיקוֹן	[11]	[]	N
188	קֶטְשׁוֹפּ	[20]	[]	N
189	קַפְרֵס	[19]	[1]	C
190	הָקֵר ב	[20]	[]	N
191	הַבְלָגָה	[4]	[1]	M
192	לֵנִינִיזְם	[20]	[]	N
193	גְּלוּקוֹזָה	[20]	[]	N
194	מִשְׁתֶּה	[4]	[1]	B
195	מַקְבִּילוּת	[10]	[]	N
196	קוּגֵלָגֵר	[20]	[]	N
197	מְאַהֶבֶת	[4]	[]	N
198	הֶקְדֵּשׁ	[4]	[1, 2]	C
199	מְזַבֶּלֶת	[4]	[]	N
200	מָצוֹר	[4]	[1]	B
201	חַמּוּת	[10]	[1]	C
202	פְּרִיט	[4]	[]	N
203	שְׁפִיטוּת	[10]	[]	N
204	צְלָלִית	[10]	[]	N
205	מִמְשָׁל	[4]	[1, 2]	B
206	מוֹרָל	[20]	[]	N
207	הֲפָחָה	[4]	[1]	M
208	שַׁתֶּקֶת	[4]	[]	N
209	סוּסִיּוּת	[10]	[1]	M
210	מִתְקָף	[4]	[]	N
211	אִיטְרִיּוּם	[20]	[]	N
212	הַשְׁלָיָה	[4]	[]	N
213	שֶׁקֶל א	[0]	[1, 2]	B
214	הִרְמוּן ב	[4]	[]	N
215	קִבֹּֽרֶת	[16]	[1]	C
216	סְתַכְּלָנוּת	[10]	[]	N
217	אַדְרִיכָל	[16]	[1, 2]	C
218	מֵנִיסְק	[20]	[]	N
219	מִגְמֶשֶׁת	[4]	[]	N
220	נִירוּת	[10]	[]	N
221	אֲדִיקָה	[4]	[1]	M
222	פַּטֶּרֶת	[4]	[]	N
223	דּוֹרְשָׁן	[10]	[1]	C
224	שֶׁלֶט א	[0]	[1]	B
225	הַקְהֵל	[4]	[1]	C
226	חֲנֻכָּה	[4]	[1]	B
227	מוֹנוֹמָן	[20]	[]	N
228	מִסְחָף	[4]	[]	N
229	גִּחוּכִיּוּת	[10]	[]	N
230	נוֹגֵשׂ	[4]	[1]	B
231	זֵק א	[0]	[1]	B
232	מַשְׁחֶתֶת	[21, 22]	[]	N
233	יַעֲרָן	[4]	[]	N
234	מְשִׁישָׁה	[4]	[1, 2]	M
235	תַּפִּית	[19]	[1]	C
236	טְרִיפָה א	[4]	[1]	C
237	שֶׁבֶר א	[4]	[1]	B
238	הַשָּׂגָה	[4]	[1]	C
239	אִסּוּם	[4]	[]	N
240	פּוֹתַחַת	[4]	[1, 2]	C
241	אִינְסְפִּירַצְיָה	[20]	[]	N
242	מָחוֹךְ א	[17]	[]	N
243	בְּרִיאָה א	[4]	[1, 2]	B
244	נַגְדָּה	[4]	[1]	M
245	הֲנָפָה א	[4]	[1]	C
246	חֹר א	[4]	[1]	B
247	עַלְעוֹל א	[16]	[1]	C
248	אַגְרוֹנוֹמוֹן	[19]	[1]	C
249	אֻנָּה	[16]	[1, 2]	C
250	מַצָּת	[4]	[]	N
251	מַרְגֵּשָׁה	[4]	[1]	C
252	גֻּלְּתָא	[16]	[1]	C
253	הִדָּרוֹן	[10]	[1]	M
254	בַּקָּרָה	[4]	[1, 2]	B
255	הִתְעַקְּרוּת ב	[4]	[]	N
256	עִטּוּשׁ	[4]	[1]	C
257	פָּרָה	[10]	[1]	B
258	רִעֽוּעַ	[4]	[1]	M
259	טֵלֵפוֹנַאי	[11]	[]	N
260	הִכָּחֲדוּת	[4]	[]	N
261	סְפִּידוֹמֶטֶר	[20]	[]	N
262	טַיְטְשׁ	[20]	[]	N
263	וִיגִילַנְטִיּוּת	[11]	[]	N
264	נִיא	[0]	[1]	C
265	מִצּוּי	[4]	[1, 2]	C
266	נֶזַע	[5]	[]	N
267	כְּמוּרָה	[4]	[]	N
268	סְתַרְשָׁף	[14]	[]	N
269	מִסּוּי	[4]	[]	N
270	זִעוּף	[4]	[1]	C
271	אֵגִיפְּטוֹלוֹגְיָה	[20]	[]	N
272	חַמָּה	[4]	[1]	B
273	לְקִיטָה	[4]	[1]	C
274	מוֹקְדָה	[4]	[1]	B
275	קוֹרְפּוֹרַצְיָה	[20]	[]	N
276	הֲרִיגָה	[4]	[1, 2]	C
277	גִּלְשׁוֹן	[4]	[]	N
278	שְׁלֵמוּת	[10]	[1]	M
279	רַעֲיוֹן	[4]	[1]	B
280	בִּתְרוֹן	[4]	[1]	B
281	קְרוּסְטְמֵל	[19]	[1]	C
282	אִכָּרוּת	[10]	[]	N
283	פַּשׁ	[0]	[1]	B
284	קוֹנְסְפֶּקְט	[20]	[]	N
285	אוֹבְּסְטְרוּקְצִיָּה	[20]	[]	N
286	טַמְטֵמָה	[4]	[]	N
287	שַׁחְפָן	[10]	[]	N
288	מַרְצֶפֶת	[4]	[1]	B
289	זִפְזוּף	[4]	[]	N
290	יְהִיבָה	[4]	[1]	C
291	חַלָּמוּת	[0]	[1]	B
292	הֶגְדֵּל	[4]	[1]	M
293	סַפִּירוּת	[10]	[1]	M
294	בְּלֵיְזֵר	[20]	[]	N
295	עִקּוּל ב	[4]	[1]	M
296	אִיזוֹלָטוֹר	[20]	[]	N
297	תֵּימָן	[4]	[1, 2]	B
298	הִצְטַהֲבוּת	[4]	[]	N
299	סוֹל ג	[20]	[]	N
300	נַדְבָן	[4]	[1]	M
301	לוּלָב	[4]	[1]	C
302	סֶפְּטֵט	[20]	[]	N
303	נְבִירָה	[4]	[]	N
304	קֵסַלְפִּינִיִּים	[11]	[]	N
305	הִתְלָאֲמוּת	[4]	[]	N
306	תְּמִימוּת	[10]	[1]	C
307	חֶדֶל א	[4]	[1]	M
308	קָבַלְקָדָה	[20]	[]	N
309	מוֹנוֹגְרַפְיָה	[20]	[]	N
310	הֶקְדֵּם	[4]	[]	N
311	רֽשֶׁם	[4]	[1, 2]	C
312	צֵמֶנְט	[20]	[]	N
313	שִׁפּוּעַ ב	[4]	[1]	C
314	הַזְרָמָה	[4]	[]	N
315	צִמְדָּה	[10]	[]	N
316	הֶרְקֵד	[4]	[1]	C
317	מָנוֹחַ א	[4]	[1]	B
318	קָדוֹחַ	[4]	[]	N
319	כַּחְשׁוּת ב	[10]	[1]	M
320	כַּרְכֶּֽשֶׁת	[16]	[1]	C
321	אֵטָטִיזְם	[20]	[]	N
322	בְּנָיוּת	[10]	[1]	M
323	מַגִּישׁ	[4]	[]	N
324	דַּיְנָן	[4]	[1]	C
325	נִפְטָר	[4]	[1]	M
326	דֹּֽרֶן	[5]	[]	N
327	נַפָּחָא	[16]	[1]	C
328	הֵחָשְׂפוּת	[4]	[]	N
329	פֶּרֶק	[4]	[1, 2]	B
330	פְּרַגְמַטְיָא	[19]	[1]	C
331	תַּרְצָן	[4]	[1]	M
332	מַרְטֵט	[4]	[]	N
333	מַעֲבָטָה	[4]	[]	N
334	כֵּרוּךְ	[4]	[]	N
335	פְלֵשׁ	[20]	[]	N
336	אִינְקוּנַבּוּל	[20]	[]	N
337	טְרַנְסְגְּרֶסְיָה	[20]	[]	N
338	תֶּסֶס	[4]	[]	N
339	אֹֽהֶל	[0]	[1]	B
340	שִׂבָּרוֹן	[10]	[1]	M
341	מְנִיפָה	[4]	[1]	C
342	דִּיסְק	[20]	[]	N
343	הֶקְטוֹגְרָף	[20]	[]	N
344	מִצְרָא	[16]	[1]	C
345	אוֹיְבוּת	[10]	[]	N
346	פִיקְסַצְיָה	[20]	[]	N
347	חַפְּשָׂן	[4]	[]	N
348	רֵפֵרֶנְדּוּם	[20]	[]	N
349	מַמְלְכוּת	[10]	[1]	B
350	יִרְאָה	[4]	[1]	B
351	רְאָיָה	[4]	[1]	C
352	רֶנְטְגֵּן	[20]	[]	N
353	דֵּצֶמְבֵּר	[20]	[]	N
354	מוֹחוֹן	[10, 22]	[]	N
355	שׁוֹנוּת	[10]	[]	N
356	נַסָּר	[4]	[1]	C
357	דַּף	[16]	[1, 2]	C
358	גְּדִיעָה	[4]	[1]	M
359	קַרְיוֹקָה	[20]	[]	N
360	מֵטָלוּרְגִּיָּה	[20]	[]	N
361	הוֹדָאָה	[4]	[1, 2]	C
362	דֵּלוּזְיָה	[20]	[]	N
363	חוֹחַ א	[0]	[1]	B
364	הַצָּלָה	[4]	[1]	B
365	חַג	[4]	[1]	B
366	עַתִּיקָנִיָּה	[10]	[]	N
367	דִּיאוֹפְּטְרִיָּה	[20]	[]	N
368	סָבָה	[10]	[]	N
369	קוֹלוֹנְיָאלִיסְט	[20]	[]	N
370	נְחִישָׁה	[4]	[1]	M
371	סַחֶבֶת	[4]	[]	N
372	פֶּסַע	[4]	[1, 2]	M
373	נֵאוֹפְּלַזְמָה	[20]	[]	N
374	שַׁיֶּֽפֶת	[4]	[]	N
375	קוֹנְסְטַנְטָה	[20]	[]	N
376	חַיֶּֽלֶת	[10]	[]	N
377	הִתְבַּהֲקוּת	[4]	[]	N
378	קוֹצָנִיּוּת	[10]	[]	N
379	נוֹצִיץ	[7]	[]	N
380	יוֹעֵץ	[4]	[1, 2]	B
381	מִרְקַחַת	[4]	[1, 2]	B
382	קְטִינוּת	[10]	[]	N
383	חַלְכּוּם	[20]	[]	N
384	בּוֹרַקְס	[20]	[]	N
385	שַׁאֲפָנוּת	[10]	[]	N
386	גִּבּוּל	[4]	[1]	C
387	אִחוּל	[4]	[]	N
388	אַחְרָיוּת	[10]	[1, 2]	C
389	קַפְצָה	[19]	[1]	C
390	תִּלְבּֽשֶׁת	[4]	[1]	B
391	יַעֶפֶת	[4]	[]	N
392	מִטְבָּל	[4]	[]	N
393	כְּרַבָּא	[16]	[1]	C
394	בּוֹלְעָן	[4]	[]	N
395	קִימָה	[4]	[1]	B
396	קְוַדְרָטוּרָה	[20]	[]	N
397	אִסְפַּנְיוֹלִית	[11]	[]	N
398	דְּפָפָה	[4]	[]	N
399	מַעֲרֶמֶת	[4]	[]	N
400	אִיזוֹטָךְ	[20]	[]	N
401	אִמּוּנִית	[10]	[]	N
402	הַאֲכָפָה	[4]	[]	N
403	צַחְצָחוֹת	[4]	[1]	B
404	רְדִידוּת	[10]	[]	N
405	רְנָנָה	[4]	[1]	B
406	פְלָנֵל	[20]	[]	N
407	לִיגוּסְטְרוּם	[20]	[]	N
408	דִּנְדּוּן	[4]	[]	N
409	חִגְּרוּת	[10]	[1]	M
410	הַלְשָׁנָה	[4]	[1]	M
411	שֶׁנֶף	[16]	[]	N
412	זַמְרִיר	[4]	[]	N
413	עִנְיָנוּת	[10]	[]	N
414	קוּטִית	[19]	[1]	C
415	מְשׁוֹאָה	[4]	[1]	B
416	טַחַן	[4]	[]	N
417	גֵּו א	[0]	[1]	B
418	שִׂגְשׂוּג	[4]	[1]	M
419	פֹּת	[0]	[3]	B
420	הַפְלָגָה	[4]	[1]	M
421	הַעֲנָקָה	[4]	[1]	M
422	בֹּֽהַּ	[4]	[]	N
423	תַּלְתַּלּוֹן	[10]	[]	N
424	שַׁלְחוּפָה	[16]	[]	N
425	מוֹנוֹדְיָה	[20]	[]	N
426	מַטְרִיאַרְכָט	[20]	[]	N
427	פַּעֲמָה	[4]	[2]	B
428	שַׁחַן	[4]	[1]	M
429	הַיְשָׁרָה	[4]	[1]	M
430	תִּמָּהוֹן	[4]	[1, 2]	B
431	מוֹכְרָנוּת	[10]	[]	N
432	בּוּךְ	[4]	[1]	M
433	בּוּז	[4]	[1]	B
434	בָּרוּד	[16]	[]	N
435	שְׁאִיָּה	[4]	[1]	B
436	בַּלְעָנוּת	[10]	[]	N
437	מִזְרְחָנוּת	[10]	[]	N
438	סוֹלָנוּם	[20]	[]	N
439	תִּיּוּר	[4]	[2]	M
440	דָּרֵי	[16]	[1]	C
441	קוֹר	[16]	[1]	C
442	מַחְמוּד	[4]	[1]	B
443	נְאִיצָה	[4]	[1]	M
444	רָמָה	[4]	[1, 2]	B
445	הֶנְגְּאוֹבֵר	[20]	[]	N
446	נִיגֵ׳ס	[20]	[]	N
447	מַפָּח	[4]	[1]	B
448	יִצְרִיּוּת	[10]	[]	N
449	דִּקְלוּם	[4]	[]	N
450	אֶפִּיתֶלְיוֹן	[20]	[]	N
451	פְרֶסְקוֹ	[20]	[]	N
452	דִּיאָגוֹנָל	[20]	[]	N
453	כִּתּוּם	[4]	[]	N
454	בָּקָלָה	[20]	[]	N
455	אַזְבֶּסְטוֹן	[11]	[]	N
456	יַהֲלוֹמָנוּת	[10]	[]	N
457	פְּגִיעוּת	[10]	[]	N
458	הֶעֱלֵם	[4]	[1, 2]	C
459	מָגֹר	[4]	[]	N
460	מַקְטֵפָה	[4]	[]	N
461	מַרְגֵּמָה	[4]	[1, 2]	B
462	שִׁתְחוּל	[4]	[]	N
463	בִּקָּרְתָּן	[10]	[]	N
464	מַלְפָן	[17]	[]	N
465	מַטְמֵן	[4]	[]	N
466	בְּדִיל א	[0]	[1]	B
467	שֹֽׁקַע	[4]	[]	N
468	עַרְמוֹנִית ב	[10, 22]	[]	N
469	אֲמִידָה	[4]	[1]	M
470	טָו	[4]	[]	N
471	מֵחִישׁ	[4]	[]	N
472	תַּגְזִיר	[4]	[]	N
473	מִיסְטֶרְיָה	[20]	[]	N
474	רוֹקְפוֹר	[20]	[]	N
475	עוֹנֵן	[4]	[1]	B
476	שְׁלִילָה א	[4]	[1, 2]	M
477	שִׁפְחָה	[0]	[1]	B
478	פְּרוּטִית	[0]	[1]	C
479	אָמוֹרְטִיזַצְיָה	[20]	[]	N
480	חֵמָה	[0]	[1]	B
481	שַׂעֶרֶת	[4]	[]	N
482	אֶגְרוֹן	[4]	[1]	M
483	חַיִט	[4]	[]	N
484	עֶפֶשׁ	[4]	[1]	M
485	שִׁקְרוּת	[10]	[1]	M
486	הֲנָאָתָן	[10]	[]	N
487	נְשִׁי א	[4]	[1]	B
488	דּוֹפֵק	[4]	[1]	C
489	הַפְשָׁלָה	[4]	[1]	C
490	שִׁלְטוֹן	[4]	[1]	B
491	פִילְהַרְמוֹנְיָה	[20]	[]	N
492	זִיפִית	[10]	[]	N
493	נָמוֹשָׁה	[0]	[2]	C
494	פַּרְטִיזָנִיּוּת	[11]	[]	N
495	שְׁטַנְץ	[20]	[]	N
496	בּוֹקְסִיט	[20]	[]	N
497	סוֹכְנוּת	[10]	[]	N
498	אִיקְס	[20]	[]	N
499	שִׁחוּר ב	[4]	[1]	M
500	שְׂעִירוּת	[10]	[1]	M
501	אוֹמֶטֶר	[14, 20]	[]	N
502	תַּחְלוּאָה	[10]	[2]	M
503	קְרֵמָטוֹרְיוּם	[20]	[]	N
504	עַצְלָן ב	[4, 22]	[2]	M
505	זְאֵבָה	[10]	[1]	C
506	רֵגוּלוּס	[20]	[]	N
507	גַּז א	[0]	[1]	C
508	אַנְדְּרוֹגִינוֹס	[20]	[1]	C
509	פַּלְסָף	[16]	[]	N
510	שְׁרִיָּה א	[4]	[1]	C
511	גַּלָּב	[4]	[1]	B
512	כּוֹנָן א	[4]	[]	N
513	אִירֵדֶנְטָה	[20]	[]	N
514	מִסְתּוֹר	[4]	[1]	B
515	רֵימָטִיזְם	[20]	[]	N
516	סִבּוּן	[4]	[]	N
518	מַרְקָה	[4]	[3]	C
519	נִשְׂגָּבוּת	[10]	[]	N
520	נוֹנָה	[20]	[]	N
521	מַשְׁלֵב	[4]	[]	N
522	כְּפוֹר א	[4]	[1]	B
523	מַעְבֹּרֶת א	[4]	[1]	C
524	תַּחְרִים	[16]	[]	N
525	שְׁלֵמְתָנוּת	[10]	[]	N
526	אֲבַטִּיחַ	[0]	[1]	B
527	אִחוּי	[4]	[1]	C
528	אִינְפַרְקְט	[20]	[]	N
529	אִיטַלְקִית	[10]	[1]	M
530	צִיסְטָה	[20]	[]	N
531	חָכְמָה	[4]	[1]	B
532	הַגְלָדָה	[4]	[]	N
533	פַּנַּג	[0]	[1]	B
534	בַּדְרָן	[4]	[]	N
535	חִנּוּךְ	[4]	[1]	C
536	פָּמַלְיָה	[20]	[1]	C
537	עוֹרֵךְ	[4]	[]	N
538	שַׁח ב	[16]	[]	N
539	מִקְלָע	[4]	[2]	M
540	סְטוּדֶנְטִיּוּת	[11]	[]	N
541	חַרְחֲרָן	[4]	[]	N
542	מִכְוַרְתָּן	[10]	[]	N
543	פִּנְכָּה	[16]	[1]	C
544	אֶנְדּוֹקְרִינוֹלוֹג	[19]	[]	N
545	תַּעֲצֹמֶת א	[4]	[]	N
546	אֶשְׁכָּר	[0]	[1]	B
547	תְּלוֹי	[4]	[1, 2]	C
548	גֹּֽאַל	[4]	[1]	B
549	סְפִיָּה א	[4]	[1]	M
550	קוּסְקוּס	[16]	[]	N
551	מַשִּׁיק	[4]	[]	N
552	נֵירִיטִיס	[20]	[]	N
553	פָּזִיחַ	[0]	[1]	C
554	דֻּגְמָן	[10]	[]	N
555	אַיּוּת	[10]	[]	N
556	הֵעָלְמוּת	[4]	[]	N
557	מִגּוּן	[4]	[]	N
558	בְּלוּזוֹן	[20]	[]	N
559	מַעֲצָר	[4]	[1]	B
560	עֲקִימָה	[4]	[1]	C
561	הַרְקָבָה	[4]	[]	N
562	מִכְבָּסָה	[4]	[]	N
563	אָלַבַּסְטְרוֹן	[19]	[]	N
564	מִשּׁוּךְ	[4]	[]	N
565	קִירִי	[20]	[]	N
566	תֹּֽמֶר	[0]	[1]	B
567	חַיִס	[16]	[1]	C
568	אִגּוּף	[4]	[]	N
569	קִפּוּץ	[4]	[1]	C
570	שִׁיעַ	[16]	[1]	C
571	מִטְמוּט	[4]	[1]	C
572	שְׁנִיצֵל	[20]	[]	N
573	אֲבִיכוּת	[10]	[]	N
574	דְּבִיקוּת	[10]	[]	N
575	מְצִיקוּת	[10]	[]	N
576	שִׁקּוּר	[4]	[1]	C
577	אוּנְקִיָּה	[20]	[1]	C
578	בּוּטָן	[20]	[]	N
579	הִתְפַלְּקוּת	[4]	[]	N
580	תִּסְפֹּֽרֶת	[4]	[1]	C
581	הֵעָקְרוּת א	[4]	[]	N
582	שְׁתוּת	[16]	[1]	C
583	גֵּאוֹצֶנְטְרִי	[20]	[]	N
584	טִיפּוּס	[20]	[]	N
585	שְׁזִירָה	[4]	[1]	C
586	שֶׁלַח ב	[16]	[1]	C
587	הֶפְתֵּק	[19]	[1]	C
588	קוֹלְחוֹז	[20]	[]	N
589	לִילָךְ	[19]	[]	N
590	תֻּרְפָּה	[4]	[1]	C
591	אָנָלִיסְט	[20]	[]	N
592	מִבְרֶשֶׁת	[4, 19]	[]	N
593	בִּשְׂמוֹן	[10]	[1]	M
594	מַפְטִיר	[4]	[1]	C
595	שְׂרִיפָה	[4]	[1]	C
596	תַּעֲרוּכָה	[4]	[]	N
597	סוֹצְיוֹלִינְגְּוִיסְטִיקָה	[20]	[]	N
598	אָשׁוּת	[16]	[1]	C
599	מוֹקֵד	[4, 22]	[1, 2, 3]	B
600	הַרְשָׁמָה	[4]	[]	N
601	דֵּטֶרְמִינַנְטָה	[20]	[]	N
602	עֲטִי א	[16]	[1]	C
603	אַנְגַּרְיָה	[20]	[1]	C
604	יְשׁוּעָה	[4]	[1]	B
605	סַפְדָנוּת	[10]	[]	N
606	קְסַרְקָט	[19]	[1]	C
607	מִצְרֶפֶת	[4, 22]	[]	N
608	הִתְקַשְּׁטוּת	[4]	[]	N
609	אִלּוּם א	[4]	[1]	M
610	כִּבְשׁוֹן א	[4]	[1]	C
611	הִתְקוֹנְנוּת	[4]	[]	N
612	כְּבִילָה	[4]	[]	N
613	מִתְנָן	[16]	[]	N
614	הִתְבָּרְכוּת	[4]	[]	N
615	צֵ׳ט	[20]	[]	N
616	אִנְפּוּף	[4]	[]	N
617	פֵּאָה	[0]	[1, 2]	B
618	מְהִילָה ב	[4]	[1]	C
619	אֶקְדָּחוֹן	[10]	[]	N
620	מוֹשֵׁל ב	[4]	[1]	B
621	דַּקְרוֹן	[20]	[]	N
622	דְּחֹֽסֶת	[4]	[]	N
623	שִׁדְרִית	[10]	[]	N
624	שְׁפֹֽכֶת	[4]	[]	N
625	הִפָּחֲתוּת	[4]	[]	N
626	מְטוֹסַאי	[10]	[]	N
627	טִגּוּן	[4]	[1]	C
628	אֲוֵרָה	[0]	[1]	B
629	חֲבָטָה	[4]	[1, 2]	C
630	צִיּוּד	[4]	[]	N
631	רְתִיקוּת	[10]	[]	N
632	טִלְגְּרוּף	[4]	[]	N
633	עֵשֶׂק	[4]	[1]	B
634	חֹל	[4]	[1]	B
635	אַלְמֻגִּית	[10]	[]	N
636	פַּעֲרוּר	[4, 7]	[]	N
637	סַפַּחַת	[4]	[1, 2]	B
638	זַ׳נְדַּרְם	[20]	[]	N
639	מְנַקִּיָּה א	[4]	[1]	B
640	גִּמּוּם	[4]	[1, 2]	M
641	מַבְרִיחָן	[10]	[]	N
642	תְּפוּגָה	[4]	[1]	M
643	קַרְגּוֹ	[20]	[]	N
644	כִּילוּת	[10]	[1]	M
645	סַטְרָן	[4]	[]	N
646	שׁוּם א	[0]	[1]	B
647	אַפְלוּלִית	[10]	[]	N
648	סִיגִית	[10]	[]	N
649	טוֹמוֹגְרָף	[20]	[]	N
650	צִיּוֹן ב	[10]	[]	N
651	לִסְטִים	[20]	[1]	C
652	עִלּוּב	[4]	[]	N
653	גִּבּוּב	[4]	[]	N
654	בִּלְבֹּֽלֶת	[4]	[]	N
655	גַּיִס	[16]	[1, 2]	C
656	תֵּמַהּ	[4]	[1]	C
657	דִּיסְטַנְס	[20]	[]	N
658	יוֹף	[4]	[1]	M
659	רַטְבּוּבִית	[10]	[]	N
660	בַּיְתּוֹסִים	[6]	[1]	C
661	קָרִיעַ	[4]	[]	N
662	שַׁתְיָן	[4]	[]	N
663	בַּלְנָרִים	[20]	[1]	C
664	פְּרִיבִילֶגְיָה	[20]	[]	N
665	גִּלּוּל	[0]	[1]	B
666	חִבּוּר	[4]	[1]	C
667	פְּרִינְצִיפּ	[20]	[]	N
668	אַקְצֶנְט	[20]	[]	N
669	עַכָּל	[4]	[]	N
670	קַסְקֵט	[19]	[]	N
671	הַזְיָן	[4]	[]	N
672	שַׁבְשָׁן	[4]	[]	N
673	הַגְלָמָה	[4]	[]	N
674	פִּלְפְּלוֹן	[10]	[]	N
675	דִּפְיוֹן	[4]	[1]	M
676	אָכָטִיס	[20]	[1]	C
677	נְפוּצוֹת	[4]	[1]	B
678	טֹֽעַן	[4]	[1]	C
679	הַעֲמָסָה	[4]	[]	N
680	אַנְטִינוֹמְיָה	[20]	[]	N
681	הֶחְכֵּר	[4]	[]	N
682	צְבִיאָה	[4]	[1]	M
683	תַּזְקִיק	[4]	[]	N
684	מַהֲלוֹם	[4]	[1]	M
685	תֶּלֶשׁ	[4]	[]	N
686	הַשְׁבָּרָה	[4]	[]	N
687	כְּלַאי	[10]	[]	N
688	אֲנָקָה א	[4]	[1]	B
689	הַפְלָטָה	[4]	[]	N
690	הוֹן א	[0]	[1, 2]	B
691	קֶנְגּוּרוּ	[20]	[]	N
692	קוֹרֶסְפּוֹנְדֶּנְצִיָּה	[20]	[]	N
693	הַפְרָאָה	[4]	[]	N
694	דָּבָר	[0]	[1]	B
695	מַחְוָה	[4]	[1]	M
696	עֲיָרָה	[4]	[]	N
697	הִתְעַנְּנוּת	[4]	[]	N
698	מַרְטִיר	[20]	[]	N
699	פֻּזְמָק	[20]	[1]	C
700	גֶּבֶס	[19]	[]	N
701	זִיוָה	[10]	[1]	M
702	דְּלִיקוּת	[10]	[]	N
703	גִּלְווּן	[4]	[]	N
704	תַּגְלִית	[4]	[]	N
705	נְגִיחָה	[4]	[1]	C
706	פַּרְוִית	[10]	[]	N
707	הִטַּפְּלוּת	[4]	[]	N
708	בּוֹהֵמָה	[20]	[]	N
709	שִׁעוּל	[4]	[1]	M
710	אָזְנִית ב	[10]	[1]	C
711	אִסָּר ב	[19]	[1]	M
712	אוֹפּוֹרְטוּנִיסְט	[20]	[]	N
713	מְכוֹנַאי	[10]	[]	N
714	כִּתָּתִיּוּת	[10]	[]	N
715	הִתְגַּמְּשׁוּת	[4]	[]	N
716	מַדֶּֽרֶךְ	[14]	[]	N
717	גִּיף	[16]	[1]	C
718	דִּיפְתּוֹנְגּ	[20]	[]	N
719	קוֹצֵר	[4]	[1]	B
720	סְפָרַדִּית	[10]	[]	N
721	אָֽלֶ״ף	[0]	[1]	C
722	סַאסְּאָה	[0]	[1]	B
723	זִיזָנִית	[10]	[]	N
724	פַּחָחוּת	[10]	[]	N
725	גִּמְרָה	[4]	[]	N
726	רְמִיזָא	[16]	[1]	C
727	שִׁגּוּר	[4]	[]	N
728	רֵאָיוֹן	[4]	[2]	C
729	רַדְיוּס	[20]	[]	N
730	שִׁדּוּל	[4]	[1]	M
731	סִידָן	[10]	[]	N
732	מְיֻחָדוּת	[10]	[]	N
733	אֲחִישֶׁבֶת	[14]	[]	N
734	צִבְעוֹנִיּוּת	[10]	[]	N
735	קְלִיעָה א	[4]	[1]	C
736	נוֹשֵׂאת	[21]	[]	N
737	הִתְמַקְּדוּת	[4]	[]	N
738	אוֹבְּלִיגַצְיָה	[20]	[]	N
739	מַחְמָאָה	[4]	[3]	C
740	מִסְעָדָה	[4]	[]	N
741	לוֹקוֹמוֹטִיב	[20]	[]	N
742	אֵשֶׁל א	[0]	[1]	B
743	קוֹלָה	[20]	[]	N
744	צֵרוּךְ	[4]	[1]	M
745	כְּבִיָּה	[4]	[1]	C
746	גְּרוֹר	[4]	[]	N
747	שֵׁרוּץ	[4]	[1]	M
748	עָרוּץ	[0, 22]	[1, 2]	B
749	וִתּוּר	[4]	[1]	C
750	צוּקָה	[4]	[1]	B
751	פִּנָּה	[4]	[1]	B
752	אֶגְלִיל	[4, 7]	[]	N
753	גְּלִילִיּוּת	[10]	[]	N
754	עָגִיל	[4]	[1]	B
755	מְלֵאָה א	[4]	[1]	B
756	קַרְטוֹן	[20]	[]	N
757	מַבּוּעַ	[4]	[1]	B
758	רוֹל	[20]	[]	N
759	רֶקְוִיזִיט	[20]	[]	N
760	קְרִיזָה	[20]	[]	N
761	בַּלְפָן	[4]	[]	N
762	אַנְפִּין	[16]	[1]	M
763	מַגְלוּל	[4]	[]	N
764	לָבִיא	[0]	[1]	B
765	מַרְשֶׁה	[4]	[]	N
766	יִשּׁוּן א	[4]	[1]	B
767	קָרְחָה	[4]	[1]	B
768	אִוְזוּז	[4]	[]	N
769	מִישׁוֹר	[4]	[1]	B
770	מְנַתֵּק	[4]	[]	N
771	גְּלַדְיוֹלָה	[20]	[]	N
772	דֵּנוֹמִינָטִיב	[20]	[]	N
773	שְׁתַמְּטָן	[4]	[]	N
774	מַזְלֵג	[]	[2]	B
775	זֶבֶל	[]	[1]	C
776	סֵלֵנוֹגְרַפְיָה	[20]	[]	N
777	הֲמִית	[]	[1]	B
778	נְחִיצָה	[]	[1]	C
779	דִּלְפָּה	[]	[1]	C
780	מַרְדּוּת	[]	[1]	C
781	עֵיפָתָה	[]	[1]	B
782	כִּנּוּן ב	[4]	[]	N
783	חֶרֶץ	[]	[1]	C
784	מַדְרֵגוֹן	[10]	[]	N
785	אִטּוּם	[]	[1]	M
786	הִתְבַּדְּלוּת	[4]	[]	N
787	בָּלִיסְטִיקָה	[20]	[]	N
788	טֵיגָן	[]	[1]	C
789	אוֹפֵּרֵטָה	[20]	[]	N
790	דִּיסְלוֹקַצְיָה	[20]	[]	N
791	דֶּבֶב	[]	[2]	M
792	סְפִּינָקֵר	[20]	[]	N
793	פּוֹזָה	[20]	[]	N
794	סִימְבְּיוֹזָה	[20]	[]	N
795	וֶרֶד	[]	[1]	C
796	גְּעִירָה	[]	[1]	N
798	מְלַוַּֽחַת	[4, 22]	[]	N
799	מֹֽתֶק	[]	[1, 2]	B
800	מַטְבַּעַת	[4]	[]	N
801	מַגֵּפָה	[]	[1]	B
802	קוֹלוּמְבַּרְיוּם	[20]	[]	N
803	תָּכְנִית	[]	[2]	B
804	חֶנֶן	[]	[1]	M
805	לֶקְסִיקוֹן	[20]	[]	N
806	רַחְרְחָנוּת	[10]	[]	N
807	זַלְזֶלֶת	[4]	[]	N
808	נַקְמָנוּת	[4]	[]	N
809	בִּירָה ב	[19]	[]	N
810	הַעֲלָבָה	[4]	[]	N
811	סִיר א	[]	[1]	B
812	זְנִיקָה	[4]	[]	N
813	קֶרֶץ ד	[4]	[]	N
814	הִסָּגְרוּת	[4]	[]	N
815	חֲרָשְׁתָּנוּת	[10]	[]	N
816	עֲרִיפָה ב	[]	[1]	M
817	הֶסֵּט	[]	[1]	C
818	שֶׁלַח ו	[16]	[]	N
819	דֵּמַרְקַצְיָה	[20]	[]	N
820	נְזוֹרוּת	[]	[1]	M
821	זוֹלוּת	[10]	[]	N
822	צְרִיפָה	[]	[1]	C
823	שַׁחַק א	[]	[1]	B
824	מִדְלָח	[]	[1]	M
825	נִימוּסִיּוּת	[10]	[]	N
826	מַדְזָוִית	[14, 22]	[]	N
827	מְרַצֵּף	[4]	[]	N
828	עֲמִילוּת	[10]	[]	N
829	הִגָּרְרוּת	[10]	[]	N
830	כִּשָּׁלוֹן	[]	[1]	B
831	שִׁקּוּף	[4]	[]	N
832	דּוֹ	[20]	[]	N
833	שִׁגְלוֹנָה	[]	[1]	C
834	דִּמְיוֹנוּת	[]	[1]	M
835	פֶּסֶק	[]	[2]	C
836	אַבְּסְטְרַקְט	[20]	[]	N
837	קְטָלָא	[]	[1]	C
838	אָתוֹן	[]	[1]	B
839	הֶקְטוֹגוֹן	[20]	[]	N
840	הַלְחָנָה	[4]	[]	N
841	תְּסוּגָה	[4]	[]	N
842	מַקְשֶׁה	[]	[1]	C
843	שֶׁרֶב	[]	[1]	M
844	מַצֶּגֶת	[4]	[]	N
845	מִיקוֹלוֹגְיָה	[20]	[]	N
846	חֲמִיטָה ב	[4]	[]	N
847	מִבְדָּק	[4]	[]	N
848	פִּילְבּוֹקְס	[20]	[]	N
849	מִלְאֶה	[]	[1]	M
850	מָלוֹשׁ	[]	[1]	C
851	עֲתִידָה	[]	[1]	B
852	שַׁדְרָן	[4]	[]	N
853	אַנְתְּרוֹפּוֹלוֹג	[20]	[]	N
854	נְקִיפָה א	[4]	[]	N
855	גַּל ג	[]	[2]	C
856	אָדַפְּטַצְיָה	[20]	[]	N
857	טֶפֶל	[]	[1]	C
858	קַלְגַּס	[]	[1]	C
859	אֵמוּן	[]	[1]	B
860	מִכְלָל	[]	[1]	M
861	כֹּֽעַר	[4]	[]	N
862	מְלִיאָה	[]	[2]	C
863	קְטוּמָה	[]	[1]	M
864	תַּחְקִיר	[4]	[]	N
865	הִנָּזְקוּת	[10]	[]	N
866	קְרִיאָה	[]	[1]	B
867	שֶׁקֶק ב	[4]	[]	N
868	יַמָּאוּת	[10]	[]	N
869	חֲלִי	[]	[1]	B
870	מִתְאַגְרֵף	[4]	[]	N
871	בָּלָגָן	[20]	[]	N
872	הִזְדַּיְּנוּת	[10]	[]	N
873	הָשֵׁב	[]	[1]	C
874	פַּחֲזָה	[4]	[]	N
875	שִׁקּוּי	[]	[1]	B
876	בַּרְוָזוֹן	[10]	[]	N
877	מוֹגֵרָה	[]	[1]	C
878	אֵפֶקְטִיבִיּוּת	[11]	[]	N
880	צַפִּיחִית	[]	[1]	B
881	בֻּבָּנָאוּת	[10]	[]	N
882	בָּנָלִיּוּת	[11]	[]	N
883	דַּגַּאי	[10]	[]	N
884	סִינְדִּיקָט	[20]	[]	N
885	יַשְׁנָן	[4]	[]	N
886	מִשְׁנָה	[]	[1]	C
887	דַּקּוּת	[]	[1]	M
888	שְׁכוֹל	[]	[1]	B
889	חִבֵּל	[]	[1]	B
890	מִתְלָעָה	[4]	[]	N
891	כִּכָּר ג	[]	[1]	B
892	אֶשֶׁשׁ	[]	[1]	C
893	עַרְס	[16]	[]	N
894	חַבְּלָנִית	[10]	[]	N
895	בְּרִירָה	[]	[1]	C
896	כּוּמָז	[]	[1]	B
897	הֵהָנוּת	[10]	[]	N
898	רְכוּשׁוֹת	[10]	[]	N
899	טָבֶרְנָה	[20]	[]	N
900	פַּאי	[20]	[]	N
901	רוֹבַאי	[10]	[]	N
902	אֲפוֹר	[4]	[]	N
903	הַחְשָׁכָה	[]	[2]	M
904	קַפִּיטוּלַצְיָה	[20]	[]	N
905	זַעֲפָנוּת	[10]	[]	N
906	שִׂישָׂה	[]	[1]	C
907	קֶצֶב ב	[]	[1]	B
908	מַפּוּחַ	[]	[1]	B
909	אִיתוֹן	[]	[2]	B
910	רִנּוּן	[]	[1]	C
911	תְּכָכִים	[]	[1]	B
912	מִנְסָרָה א	[4, 22]	[]	N
913	אֵגוֹ	[20]	[]	N
914	אַפְרוֹדִיזְיָאק	[20]	[]	N
915	יֶשַׁח	[]	[1]	B
916	הִסְתָּאֲבוּת	[10]	[]	N
917	שַׁחֶמֶת	[4, 22]	[]	N
918	פָּפָּרָצִי	[20]	[]	N
919	חָרוּז א	[]	[1]	B
920	פְּרֵצֶסְיָה	[20]	[]	N
921	תַּבְרִיג	[4]	[]	N
922	נוֹאֵף	[]	[1]	B
923	רֵזִ׳יסוֹר	[20]	[]	N
924	מַשְׁגּוֹחַ	[4, 22]	[]	N
925	פְּצִיחָה ב	[4]	[]	N
926	הִנָּזְרוּת	[10]	[]	N
927	שְׁבוּעָה	[]	[1]	B
928	פַּרְפְּרָאוֹת	[]	[1]	C
929	מָזוֹכִיזְם	[20]	[]	N
930	אִפְרוּר	[4]	[]	N
931	קֹבֶל א	[]	[1]	B
932	צוֹמֵד	[4]	[]	N
933	מְרַאֲשׁוֹת	[]	[1]	B
934	פּוּדְרָה	[20]	[]	N
935	מְהָרֵס	[]	[1]	B
936	נַשְׁפָן	[4]	[]	N
937	כְּבָסִים	[4]	[]	N
938	טַיִר	[]	[1]	C
939	טִפָּה	[]	[1]	C
940	תִּנְעֹֽמֶת	[4]	[]	N
941	מַחְמָק	[4]	[]	N
942	עֲשִׁישׁוּת	[10]	[]	N
943	בַּרְקָרוֹלָה	[20]	[]	N
944	בִּצָּרוֹן א	[]	[2]	B
945	אוֹרְגָּנִיזָטוֹר	[20]	[]	N
946	מִמְשָׁק א	[]	[1]	B
947	קַרְדָּמִין	[20]	[]	N
948	גֵּד	[]	[1]	C
949	בִּדֹּֽקֶת	[4]	[]	N
950	מִרְשַׁעַת	[]	[1]	B
951	גִּלּֽוּחַ	[]	[1]	C
952	הִתְפַּטְּמוּת	[10]	[]	N
953	דּוּכְסוּסְטוֹס	[]	[1]	C
954	הִתְעַרְבְּלוּת	[10]	[]	N
955	זַנְזֹֽנֶת	[4]	[]	N
956	בּוּרָיוֹת	[]	[1]	C
957	הֶעָזָה ב	[4]	[]	N
958	פֶּלֶךְ ב	[]	[1]	B
959	נְקִיטָה ב	[4]	[]	N
960	מַחְקָן	[4]	[]	N
961	חָרָךְ	[]	[1]	B
962	לִיּוּף	[]	[1]	C
963	שְׁנִיּוּת	[]	[1]	M
964	פְּרוֹפִיל	[20]	[]	N
965	צִיתָרָן	[11]	[]	N
966	חֲלִיפָה ב	[]	[1]	B
967	מַחְשֵׁב א	[]	[1]	M
968	קִזָּה	[4]	[]	N
969	סֶקְס	[20]	[]	N
970	סַלְתָנִית	[]	[1]	C
971	הִמָּחֲקוּת	[10]	[]	N
972	סֹֽהַר	[]	[1]	B
973	רְבִיעַ ב	[]	[1]	M
974	קֶרֶשׁ א	[]	[1]	B
975	רֶשֶׁת	[22]	[1, 2]	B
976	סוֹל ב	[20]	[]	N
977	אֱוִילוּת	[]	[1]	M
978	קַשְׁמִיר	[20]	[]	N
979	אוֹר ב	[]	[1]	C
980	קִטּֽוּעַ	[]	[1]	C
981	צִחָיוֹן	[]	[1]	M
982	סוֹצְיָאלִיזְם	[20]	[]	N
983	שִׁמּוּד	[4]	[]	N
984	כָּרָר	[]	[1]	C
985	חֻקָּה	[]	[2]	B
986	מִזְכָּר	[4, 22]	[]	N
987	הִתְרַפְּאוּת	[]	[1]	M
988	הִפָּתְחוּת	[10]	[]	N
989	אִידֵאוֹגְרָמָה	[20]	[]	N
990	אָנָלוֹגְיָה	[20]	[]	N
991	חֶשְׁקָה	[]	[1]	M
992	נִבְזוּת	[10]	[]	N
993	מִגְזָרָה	[4]	[]	N
994	חֶלְמוֹן	[]	[1]	C
995	פּוֹלֵימַרְכוֹס	[]	[1]	C
996	יְשִׁישׁוּת	[]	[1]	M
997	לְטִישָׁה	[]	[1]	C
998	הִתְחַמְּקוּת	[10]	[]	N
999	גֵּאוֹלוֹג	[20]	[]	N
1000	רְפָפָה	[]	[2]	C
1001	פְּרֵהִיסְטוֹרְיָה	[20]	[]	N
1002	חֶמְדּוֹן	[]	[1]	M
1003	לְחִיצָה	[]	[1]	C
1004	אֲחִידוּת	[10]	[]	N
1005	יוֹקֵד	[]	[1]	B
1006	מְכִינָה	[4]	[]	N
1007	תַּמְרוּט	[4]	[]	N
1008	פְּקִיעַ א	[]	[1]	C
1009	קַרְקָשׁ ב	[4]	[]	N
1010	אֲקָרִית	[11]	[]	N
